<workflow-app xmlns="uri:oozie:workflow:0.2" name="hello-world-wf">
    <start to="java-node"/>
    <action name="java-node">
        <java>
            <job-tracker>${jobTracker}</job-tracker>
            <name-node>${nameNode}</name-node>
            <configuration>
                <property>
                    <name>mapred.queue.name</name>
                    <value>default</value>
                </property>
            </configuration>
            <main-class>com.shelly.poc.oozie.sshtest.SSHTest</main-class>
            <arg>arg1</arg>
            <arg>arg2</arg>
        </java>
        <ok to="end"/>
        <error to="fail"/>
    </action>
    <kill name="fail">
        <message>Hello World failed, error message[${wf:errorMessage(wf:lastErrorNode())}]</message>
    </kill>
    <end name="end"/>
</workflow-app>