<workflow-app xmlns="uri:oozie:workflow:0.2" name="Ooozie-Java-Test">
    <start to="shellAction"/>
	<action name='shellAction'>
        <shell xmlns="uri:oozie:shell-action:0.1">
            <job-tracker>${jobTracker}</job-tracker>
            <name-node>${nameNode}</name-node>
            <configuration>
                <property>
                  <name>mapred.job.queue.name</name>
                  <value>${queueName}</value>
                </property>
            </configuration>
            <exec>${myscript}</exec>
            <argument>A</argument>
            <argument>B</argument>
           <file>${myscriptPath}</file>
        </shell>
        <ok to="end" />
        <error to="fail" />
    </action>
    <kill name="fail">
        <message>Hello World failed, error message[${wf:errorMessage(wf:lastErrorNode())}]</message>
    </kill>
    <end name="end"/>
</workflow-app>
